{
    "AP_Breast_ColonSHMOD": {
        "UMAP (Euclidean)": {
            "Silhouette": 0.4712125360965729,
            "Calinski_Harabasz": 831.4708862304688,
            "Davies_Bouldin": 0.7543053887864911,
            "Rand_index": 0.8096197037373508,
            "Fowlkes_Mallows": 0.810507311477669,
            "Mutual_info": 0.3524239492937365,
            "V_measure": 0.5107469358321778,
            "Max_balanced_accuracy": 0.9120791998698976,
            "Max_kappa": 0.826594898770567,
            "Max_precision": 0.9147622177362565,
            "Max_recall": 0.9142857142857143,
            "Max_F1_weighted": 0.9141371308539322,
            "Max_Jaccard": 0.8419887103777681
        },
        "SH-UMAP": {
            "Silhouette": 0.46659690141677856,
            "Calinski_Harabasz": 823.1304321289062,
            "Davies_Bouldin": 0.7594794375422658,
            "Rand_index": 0.8021550962727433,
            "Fowlkes_Mallows": 0.8029686599587953,
            "Mutual_info": 0.3432572336745987,
            "V_measure": 0.49726038756175167,
            "Max_balanced_accuracy": 0.9149861766140837,
            "Max_kappa": 0.8329185197274471,
            "Max_precision": 0.9177821258359272,
            "Max_recall": 0.9174603174603174,
            "Max_F1_weighted": 0.917283446712018,
            "Max_Jaccard": 0.8473400392465891
        }
    },
    "optdigitsSHMOD": {
        "UMAP (Euclidean)": {
            "Silhouette": 0.511201024055481,
            "Calinski_Harabasz": 12892.0322265625,
            "Davies_Bouldin": 1.459683105406274,
            "Rand_index": 0.9587160745285284,
            "Fowlkes_Mallows": 0.7996858549170663,
            "Mutual_info": 1.8937186115389009,
            "V_measure": 0.8275100260517638,
            "Balanced_Accuracy_mean": 0.9432893608887877,
            "Balanced_Accuracy_std": 0.011519931855591253,
            "Kappa_mean": 0.9362709639545029,
            "Kappa_std": 0.013272066437384437,
            "Precision_weighted_mean": 0.9451537959868107,
            "Precision_weighted_std": 0.010934138150302725,
            "Recall_weighted_mean": 0.9427046263345196,
            "Recall_weighted_std": 0.011930999725437865,
            "F1_weighted_mean": 0.9429407434144496,
            "F1_weighted_std": 0.011786818085341964,
            "Jaccard_weighted_mean": 0.8945187542527494,
            "Jaccard_weighted_std": 0.02029186804683635
        },
        "SH-UMAP": {
            "Silhouette": 0.5114033818244934,
            "Calinski_Harabasz": 7303.00390625,
            "Davies_Bouldin": 1.5687340900387774,
            "Rand_index": 0.9597071831147371,
            "Fowlkes_Mallows": 0.8038422390260576,
            "Mutual_info": 1.9002930966987548,
            "V_measure": 0.8298486965114972,
            "Balanced_Accuracy_mean": 0.9457022108211808,
            "Balanced_Accuracy_std": 0.011747458896759723,
            "Kappa_mean": 0.93864630898253,
            "Kappa_std": 0.013484129241756296,
            "Precision_weighted_mean": 0.9468979561783687,
            "Precision_weighted_std": 0.01118940627353927,
            "Recall_weighted_mean": 0.9448398576512455,
            "Recall_weighted_std": 0.012120559691050815,
            "F1_weighted_mean": 0.9449852362003593,
            "F1_weighted_std": 0.01197275929689027,
            "Jaccard_weighted_mean": 0.8978641368327398,
            "Jaccard_weighted_std": 0.020883496481227677
        }
    },
    "mfeat-karhunenSHMOD": {
        "UMAP (Euclidean)": {
            "Silhouette": 0.35968369245529175,
            "Calinski_Harabasz": 1464.2203369140625,
            "Davies_Bouldin": 1.8892670707948767,
            "Rand_index": 0.9503011505752876,
            "Fowlkes_Mallows": 0.752179468142784,
            "Mutual_info": 1.8012539899287143,
            "V_measure": 0.7834794333907243,
            "Balanced_Accuracy_mean": 0.87431404912359,
            "Balanced_Accuracy_std": 0.02294622272073062,
            "Kappa_mean": 0.8588408397212515,
            "Kappa_std": 0.027878913064005292,
            "Precision_weighted_mean": 0.8851886773593247,
            "Precision_weighted_std": 0.023921986400580082,
            "Recall_weighted_mean": 0.8734999999999999,
            "Recall_weighted_std": 0.024904818810824562,
            "F1_weighted_mean": 0.8742127509710927,
            "F1_weighted_std": 0.024894446106715692,
            "Jaccard_weighted_mean": 0.7908094449023466,
            "Jaccard_weighted_std": 0.03768335436971058
        },
        "SH-UMAP": {
            "Silhouette": 0.3697676956653595,
            "Calinski_Harabasz": 1565.0570068359375,
            "Davies_Bouldin": 1.8239596705579584,
            "Rand_index": 0.9509914957478739,
            "Fowlkes_Mallows": 0.7558478294978339,
            "Mutual_info": 1.8086907711896056,
            "V_measure": 0.7868639500740908,
            "Balanced_Accuracy_mean": 0.8802839766555884,
            "Balanced_Accuracy_std": 0.02002309191054345,
            "Kappa_mean": 0.8644413973961841,
            "Kappa_std": 0.02597216798956664,
            "Precision_weighted_mean": 0.890296707706927,
            "Precision_weighted_std": 0.02165173709456034,
            "Recall_weighted_mean": 0.8785000000000001,
            "Recall_weighted_std": 0.02324327859833894,
            "F1_weighted_mean": 0.8792026267017642,
            "F1_weighted_std": 0.022909358302079113,
            "Jaccard_weighted_mean": 0.7993652452165231,
            "Jaccard_weighted_std": 0.03406359503045299
        }
    },
    "pendigitsSHMOD": {
        "UMAP (Euclidean)": {
            "Silhouette": 0.4086483120918274,
            "Calinski_Harabasz": 4003.143310546875,
            "Davies_Bouldin": 2.069044651820346,
            "Rand_index": 0.9552019172229972,
            "Fowlkes_Mallows": 0.7829993497039947,
            "Mutual_info": 1.8873261026211605,
            "V_measure": 0.8253317555225961,
            "Balanced_Accuracy_mean": 0.9395611331843832,
            "Balanced_Accuracy_std": 0.004775026960783443,
            "Kappa_mean": 0.9324172663913247,
            "Kappa_std": 0.004970988185272923,
            "Precision_weighted_mean": 0.9405230006359867,
            "Precision_weighted_std": 0.0042104607493244585,
            "Recall_weighted_mean": 0.9392288030440896,
            "Recall_weighted_std": 0.00448611590012706,
            "F1_weighted_mean": 0.9389832944601068,
            "F1_weighted_std": 0.004548606541671381,
            "Jaccard_weighted_mean": 0.8881655272434363,
            "Jaccard_weighted_std": 0.008382401206110739
        },
        "SH-UMAP": {
            "Silhouette": 0.4035431444644928,
            "Calinski_Harabasz": 3647.654296875,
            "Davies_Bouldin": 2.001456933785733,
            "Rand_index": 0.9556090585959108,
            "Fowlkes_Mallows": 0.7848988229567381,
            "Mutual_info": 1.8935200104305965,
            "V_measure": 0.8279714007014994,
            "Balanced_Accuracy_mean": 0.9416088425536945,
            "Balanced_Accuracy_std": 0.004249062830774092,
            "Kappa_mean": 0.9347437009445757,
            "Kappa_std": 0.004179675183196072,
            "Precision_weighted_mean": 0.9428027436953921,
            "Precision_weighted_std": 0.0034492828027270573,
            "Recall_weighted_mean": 0.9413213665315577,
            "Recall_weighted_std": 0.003772401366768535,
            "F1_weighted_mean": 0.9411824477939741,
            "F1_weighted_std": 0.003818144177746101,
            "Jaccard_weighted_mean": 0.8922152105048221,
            "Jaccard_weighted_std": 0.007006828469913703
        }
    },
    "mnist_784SHMOD": {
        "UMAP (Euclidean)": {
            "Silhouette": 0.17093132436275482,
            "Calinski_Harabasz": 5350.494140625,
            "Davies_Bouldin": 4.946377471921855,
            "Rand_index": 0.9016237690447276,
            "Fowlkes_Mallows": 0.5414483730329009,
            "Mutual_info": 1.3775676140415842,