{
    "AP_Breast_ColonSHMOD": {
        "UMAP (Euclidean)": {
            "Silhouette": 0.4712125360965729,
            "Calinski_Harabasz": 831.4708862304688,
            "Davies_Bouldin": 0.7543053887864911,
            "Rand_index": 0.8096197037373508,
            "Fowlkes_Mallows": 0.810507311477669,
            "Mutual_info": 0.3524239492937365,
            "V_measure": 0.5107469358321778,
            "Max_balanced_accuracy": 0.9120791998698976,
            "Max_kappa": 0.826594898770567,
            "Max_precision": 0.9147622177362565,
            "Max_recall": 0.9142857142857143,
            "Max_F1_weighted": 0.9141371308539322,
            "Max_Jaccard": 0.8419887103777681
        },
        "SH-UMAP": {
            "Silhouette": 0.46659690141677856,
            "Calinski_Harabasz": 823.1304321289062,
            "Davies_Bouldin": 0.7594794375422658,
            "Rand_index": 0.8021550962727433,
            "Fowlkes_Mallows": 0.8029686599587953,
            "Mutual_info": 0.3432572336745987,
            "V_measure": 0.49726038756175167,
            "Max_balanced_accuracy": 0.9149861766140837,
            "Max_kappa": 0.8329185197274471,
            "Max_precision": 0.9177821258359272,
            "Max_recall": 0.9174603174603174,
            "Max_F1_weighted": 0.917283446712018,
            "Max_Jaccard": 0.8473400392465891
        }
    },
    "optdigitsSHMOD": {
        "UMAP (Euclidean)": {
            "Silhouette": 0.5063711404800415,
            "Calinski_Harabasz": 7921.65869140625,
            "Davies_Bouldin": 1.675895820880698,
            "Rand_index": 0.9702607257151796,
            "Fowlkes_Mallows": 0.8515965054347863,
            "Mutual_info": 1.956052953884321,
            "V_measure": 0.8501523071835595,
            "Max_balanced_accuracy": 0.9438518918226879,
            "Max_kappa": 0.9375235968103515,
            "Max_precision": 0.9439117254130626,
            "Max_recall": 0.9437722419928826,
            "Max_F1_weighted": 0.9437056190775477,
            "Max_Jaccard": 0.8954680553860749
        },
        "SH-UMAP": {
            "Silhouette": 0.5206751227378845,
            "Calinski_Harabasz": 9441.8427734375,
            "Davies_Bouldin": 1.6485219382911467,
            "Rand_index": 0.9715469058652677,
            "Fowlkes_Mallows": 0.8580313888947998,
            "Mutual_info": 1.9738533536293015,
            "V_measure": 0.8579076052829135,
            "Max_balanced_accuracy": 0.9474252182254068,
            "Max_kappa": 0.9414777913086894,
            "Max_precision": 0.9475980978902884,
            "Max_recall": 0.9473309608540925,
            "Max_F1_weighted": 0.9473470251854508,
            "Max_Jaccard": 0.9012919232474623
        }
    },
    "mfeat-karhunenSHMOD": {
        "UMAP (Euclidean)": {
            "Silhouette": 0.3609,
            "Calinski_Harabasz": 1471.1964,
            "Davies_Bouldin": 1.8582,
            "Rand_index": 0.95,
            "Fowlkes_Mallows": 0.7505,
            "Mutual_info": 1.7957,
            "V_measure": 0.7811,
            "Max_balanced_accuracy": 0.8762,
            "Max_kappa": 0.86,
            "Max_precision": 0.8871,
            "Max_recall": 0.8745,
            "Max_F1_weighted": 0.8751,
            "Max_Jaccard": 0.7936
        },
        "SH-UMAP": {
            "Silhouette": 0.2824,
            "Calinski_Harabasz": 1353.3954,
            "Davies_Bouldin": 2.2726,
            "Rand_index": 0.9273,
            "Fowlkes_Mallows": 0.6575,
            "Mutual_info": 1.6535,
            "V_measure": 0.7294,
            "Max_balanced_accuracy": 0.8899,
            "Max_kappa": 0.8773,
            "Max_precision": 0.8993,
            "Max_recall": 0.89,
            "Max_F1_weighted": 0.8912,
            "Max_Jaccard": 0.8136
        }
    },
    "pendigitsSHMOD": {
        "UMAP (Euclidean)": {
            "Silhouette": 0.4285,
            "Calinski_Harabasz": 7004.8755,
            "Davies_Bouldin": 1.2307,
            "Rand_index": 0.9548,
            "Fowlkes_Mallows": 0.7808,
            "Mutual_info": 1.8826,
            "V_measure": 0.8232,
            "Max_balanced_accuracy": 0.9367,
            "Max_kappa": 0.9293,
            "Max_precision": 0.9381,
            "Max_recall": 0.9364,
            "Max_F1_weighted": 0.9363,
            "Max_Jaccard": 0.8838
        },
        "SH-UMAP": {
            "Silhouette": 0.4036,
            "Calinski_Harabasz": 3777.5371,
            "Davies_Bouldin": 2.0343,
            "Rand_index": 0.9556,
            "Fowlkes_Mallows": 0.7849,
            "V_measure": 0.828,
            "Max_balanced_accuracy": 0.9417,
            "Max_kappa": 0.9347,
            "Max_precision": 0.9429,
            "Max_recall": 0.9413,
            "Max_F1_weighted": 0.9412,
            "Max_Jaccard": 0.8924
        }
    },
    "semeionSHMOD": {
        "UMAP (Euclidean)": {
            "Silhouette": 0.1919,
            "Calinski_Harabasz": 609.548,
            "Davies_Bouldin": 2.3902,
            "Rand_index": 0.8896,
            "Fowlkes_Mallows": 0.4898,
            "Mutual_info": 1.3268,
            "V_measure": 0.5863,
            "Max_balanced_accuracy": 0.7943,
            "Max_kappa": 0.7692,
            "Max_precision": 0.8097,
            "Max_recall": 0.7935,
            "Max_F1_weighted": 0.792,
            "Max_Jaccard": 0.675
        },
        "SH-UMAP": {
            "Silhouette": 0.2014,
            "Calinski_Harabasz": 632.9034,
            "Davies_Bouldin": 2.3275,
            "Rand_index": 0.8858,
            "Fowlkes_Mallows": 0.4786,
            "Mutual_info": 1.2983,
            "V_measure": 0.5756,
            "Max_balanced_accuracy": 0.8009,
            "Max_kappa": 0.7776,
            "Max_precision": 0.8192,
            "Max_recall": 0.801,
            "Max_F1_weighted": 0.7997,
            "Max_Jaccard": 0.6839
        }
    },
    "micro-massSHMOD": {
        "UMAP (Euclidean)": {
            "Silhouette": 0.2114,
            "Calinski_Harabasz": 284.3387,
            "Davies_Bouldin": 2.3509,
            "Rand_index": 0.9072,
            "Fowlkes_Mallows": 0.5428,
            "Mutual_info": 1.5959,
            "V_measure": 0.6993,
            "Max_balanced_accuracy": 0.8003,
            "Max_kappa": 0.7789,
            "Max_precision": 0.838,
            "Max_recall": 0.8028,
            "Max_F1_weighted": 0.7937,
            "Max_Jaccard": 0.7008
        },
        "SH-UMAP": {
            "Silhouette": 0.1584,
            "Calinski_Harabasz": 115.9397,
            "Davies_Bouldin": 2.7748,
            "Rand_index": 0.9017,
            "Fowlkes_Mallows": 0.5714,
            "Mutual_info": 1.609,
            "V_measure": 0.7249,
            "Max_balanced_accuracy": 0.769,
            "Max_kappa": 0.7448,
            "Max_precision": 0.8409,
            "Max_recall": 0.7722,
            "Max_F1_weighted": 0.7619,
            "Max_Jaccard": 0.6587
        }
    },
    "satimageSHMOD": {
        "UMAP (Euclidean)": {
            "Silhouette": 0.3375,
            "Calinski_Harabasz": 7055.3354,
            "Davies_Bouldin": 0.9321,
            "Rand_index": 0.8705,
            "Fowlkes_Mallows": 0.6844,
            "Mutual_info": 1.1185,
            "V_measure": 0.666,
            "Max_balanced_accuracy": 0.8118,
            "Max_kappa": 0.8176,
            "Max_precision": 0.8543,
            "Max_recall": 0.8532,
            "Max_F1_weighted": 0.8501,
            "Max_Jaccard": 0.7563
        },
        "SH-UMAP": {
            "Silhouette": 0.3347,
            "Calinski_Harabasz": 7032.3765,
            "Davies_Bouldin": 0.9379,
            "Rand_index": 0.8854,
            "Fowlkes_Mallows": 0.6995,
            "V_measure": 0.6505,
            "Max_balanced_accuracy": 0.8121,
            "Max_kappa": 0.818,
            "Max_precision": 0.855,
            "Max_recall": 0.8535,
            "Max_F1_weighted": 0.8505,
            "Max_Jaccard": 0.7567
        }
    },