{
    "mfeat-karhunen": {
        "UMAP (Euclidean)": {
            "Silhouette": 0.10488613982676209,
            "Calinski_Harabasz": 2648.8164115504906,
            "Davies_Bouldin": 6.907388874668348,
            "Rand_index": 0.8863306653326664,
            "Fowlkes_Mallows": 0.47835049070946595,
            "Mutual_info": 1.3645759757990794,
            "V_measure": 0.6046425130228676,
            "Balanced_Accuracy_mean": 0.6176767693941384,
            "Balanced_Accuracy_std": 0.03628236979925031,
            "Kappa_mean": 0.5739061473868676,
            "Kappa_std": 0.04587490648202071,
            "Precision_weighted_mean": 0.6288385728664561,
            "Precision_weighted_std": 0.04124953398409327,
            "Recall_weighted_mean": 0.6174999999999999,
            "Recall_weighted_std": 0.04130677910464577,
            "F1_weighted_mean": 0.6150623399854185,
            "F1_weighted_std": 0.041284549574435274,
            "Jaccard_weighted_mean": 0.4775106502162976,
            "Jaccard_weighted_std": 0.039212297294468436
        },
        "SH-UMAP": {
            "Silhouette": 0.18619402368056376,
            "Calinski_Harabasz": 2719.7984510836664,
            "Davies_Bouldin": 4.247648684862937,
            "Rand_index": 0.899336168084042,
            "Fowlkes_Mallows": 0.5548811232611426,
            "Mutual_info": 1.5365224733714327,
            "V_measure": 0.6856002039960646,
            "Balanced_Accuracy_mean": 0.6920431177129613,
            "Balanced_Accuracy_std": 0.01900938725358286,
            "Kappa_mean": 0.6523956964816668,
            "Kappa_std": 0.028612900271770245,
            "Precision_weighted_mean": 0.6943471633617762,
            "Precision_weighted_std": 0.02604177570916687,
            "Recall_weighted_mean": 0.688,
            "Recall_weighted_std": 0.025709920264364857,
            "F1_weighted_mean": 0.68275092884875,
            "F1_weighted_std": 0.026513944919358424,
            "Jaccard_weighted_mean": 0.5598323980934135,
            "Jaccard_weighted_std": 0.02945821293981717
        }
    }
}