{
    "AP_Breast_ColonSHMOD": {
        "UMAP (Euclidean)": {
            "Silhouette": 0.4712125360965729,
            "Calinski_Harabasz": 831.4708862304688,
            "Davies_Bouldin": 0.7543053887864911,
            "Rand_index": 0.8096197037373508,
            "Fowlkes_Mallows": 0.810507311477669,
            "Mutual_info": 0.3524239492937365,
            "V_measure": 0.5107469358321778,
            "Max_balanced_accuracy": 0.9120791998698976,
            "Max_kappa": 0.826594898770567,
            "Max_precision": 0.9147622177362565,
            "Max_recall": 0.9142857142857143,
            "Max_F1_weighted": 0.9141371308539322,
            "Max_Jaccard": 0.8419887103777681
        },
        "SH-UMAP": {
            "Silhouette": 0.46659690141677856,
            "Calinski_Harabasz": 823.1304321289062,
            "Davies_Bouldin": 0.7594794375422658,
            "Rand_index": 0.8021550962727433,
            "Fowlkes_Mallows": 0.8029686599587953,
            "Mutual_info": 0.3432572336745987,
            "V_measure": 0.49726038756175167,
            "Max_balanced_accuracy": 0.9149861766140837,
            "Max_kappa": 0.8329185197274471,
            "Max_precision": 0.9177821258359272,
            "Max_recall": 0.9174603174603174,
            "Max_F1_weighted": 0.917283446712018,
            "Max_Jaccard": 0.8473400392465891
        }
    },
    "optdigitsSHMOD": {
        "UMAP (Euclidean)": {
            "Silhouette": 0.5063711404800415,
            "Calinski_Harabasz": 7921.65869140625,
            "Davies_Bouldin": 1.675895820880698,
            "Rand_index": 0.9702607257151796,
            "Fowlkes_Mallows": 0.8515965054347863,
            "Mutual_info": 1.956052953884321,
            "V_measure": 0.8501523071835595,
            "Max_balanced_accuracy": 0.9438518918226879,
            "Max_kappa": 0.9375235968103515,
            "Max_precision": 0.9439117254130626,
            "Max_recall": 0.9437722419928826,
            "Max_F1_weighted": 0.9437056190775477,
            "Max_Jaccard": 0.8954680553860749
        },
        "SH-UMAP": {
            "Silhouette": 0.5206751227378845,
            "Calinski_Harabasz": 9441.8427734375,
            "Davies_Bouldin": 1.6485219382911467,
            "Rand_index": 0.9715469058652677,
            "Fowlkes_Mallows": 0.8580313888947998,
            "Mutual_info": 1.9738533536293015,
            "V_measure": 0.8579076052829135,
            "Max_balanced_accuracy": 0.9474252182254068,
            "Max_kappa": 0.9414777913086894,
            "Max_precision": 0.9475980978902884,
            "Max_recall": 0.9473309608540925,
            "Max_F1_weighted": 0.9473470251854508,
            "Max_Jaccard": 0.9012919232474623
        }
    },
    "semeionSHMOD": {
        "UMAP (Euclidean)": {
            "Silhouette": 0.19001352787017822,
            "Calinski_Harabasz": 605.0160522460938,
            "Davies_Bouldin": 2.3540638834296277,
            "Rand_index": 0.9049934228581703,
            "Fowlkes_Mallows": 0.5389420772913448,
            "Mutual_info": 1.3783564915025663,
            "V_measure": 0.603054633859305,
            "Max_balanced_accuracy": 0.7922143755213374,
            "Max_kappa": 0.769973097496213,
            "Max_precision": 0.8008254813837382,
            "Max_recall": 0.7929736511919699,
            "Max_F1_weighted": 0.7877707442835343,
            "Max_Jaccard": 0.6644414715601551
        },
        "SH-UMAP": {
            "Silhouette": 0.19846323132514954,
            "Calinski_Harabasz": 618.84814453125,
            "Davies_Bouldin": 2.323186437538512,
            "Rand_index": 0.910025646121379,
            "Fowlkes_Mallows": 0.5610379245766742,
            "Mutual_info": 1.421074317513044,
            "V_measure": 0.6210193903243566,
            "Max_balanced_accuracy": 0.8048409577998186,
            "Max_kappa": 0.7839141218903819,
            "Max_precision": 0.8180421573293813,
            "Max_recall": 0.8055207026348808,
            "Max_F1_weighted": 0.8018792626988046,
            "Max_Jaccard": 0.6822272746645082
        }
    },
    "penguinsSHMOD": {
        "UMAP (Euclidean)": {
            "Silhouette": "Clustering_Metrics",
            "Calinski_Harabasz": "KNN_Classification_Metrics"
        },
        "SH-UMAP": {
            "Silhouette": "Clustering_Metrics",
            "Calinski_Harabasz": "KNN_Classification_Metrics"
        }
    },
    "mfeat-karhunenSHMOD": {
        "UMAP (Euclidean)": {
            "Silhouette": "Clustering_Metrics",
            "Calinski_Harabasz": "KNN_Classification_Metrics"
        },
        "SH-UMAP": {
            "Silhouette": "Clustering_Metrics",
            "Calinski_Harabasz": "KNN_Classification_Metrics"
        }
    },
    "pendigitsSHMOD": {
        "UMAP (Euclidean)": {
            "Silhouette": 0.3859621584415436,
            "Calinski_Harabasz": 3502.943359375,
            "Davies_Bouldin": 2.780162159500324,
            "Rand_index": 0.9549178585575574,
            "Fowlkes_Mallows": 0.7815259505467548,
            "Mutual_info": 1.8824080925781015,
            "V_measure": 0.8231271340424651,
            "Max_balanced_accuracy": 0.9463927201138791,
            "Max_kappa": 0.9395401738433762,
            "Max_precision": 0.9460268281280058,
            "Max_recall": 0.9455967976710334,
            "Max_F1_weighted": 0.9455764716997803,
            "Max_Jaccard": 0.9007240344227373
        },
        "SH-UMAP": {
            "Silhouette": 0.4191198945045471,
            "Calinski_Harabasz": 4453.5419921875,
            "Davies_Bouldin": 2.0832545660527844,
            "Rand_index": 0.9547093877391016,
            "Fowlkes_Mallows": 0.7803707168094591,
            "Mutual_info": 1.880106326902268,
            "V_measure": 0.8220202217929039,
            "Max_balanced_accuracy": 0.9461867476730588,
            "Max_kappa": 0.939339792669239,
            "Max_precision": 0.9453345731172212,
            "Max_recall": 0.9454148471615721,
            "Max_F1_weighted": 0.9451419783771297,
            "Max_Jaccard": 0.8996627296495632
        }
    }
}