{
    "mfeat-factors": {
        "UMAP_mfeat-factors_k45_ep200": {
            "Silhouette": 0.48439255356788635,
            "Calinski_Harabasz": 2818.78173828125,
            "Davies_Bouldin": 0.8009481335277784,
            "Rand_index": 0.9632091045522762,
            "Fowlkes_Mallows": 0.8181630019935624,
            "Mutual_info": 1.9203138975677718,
            "V_measure": 0.8366558574434855,
            "Balanced_Accuracy_mean": 0.9264665721239478,
            "Balanced_Accuracy_std": 0.027002034962508022,
            "Kappa_mean": 0.9195841234358815,
            "Kappa_std": 0.02734768880583809,
            "Precision_weighted_mean": 0.9338810965220448,
            "Precision_weighted_std": 0.021729098231476052,
            "Recall_weighted_mean": 0.9280000000000002,
            "Recall_weighted_std": 0.024413111231467385,
            "F1_weighted_mean": 0.9284019206574545,
            "F1_weighted_std": 0.02408620283323305,
            "Jaccard_weighted_mean": 0.8709985791624462,
            "Jaccard_weighted_std": 0.04027691919188865
        },
        "SH-UMAP_mfeat-factors_k45_ep200_gaussian_quantize": {
            "Silhouette": 0.47621676325798035,
            "Calinski_Harabasz": 4544.91015625,
            "Davies_Bouldin": 1.266008408350418,
            "Rand_index": 0.9542661330665333,
            "Fowlkes_Mallows": 0.7941155873793657,
            "Mutual_info": 1.9063316007984787,
            "V_measure": 0.8482742063501199,
            "Balanced_Accuracy_mean": 0.9465616380039107,
            "Balanced_Accuracy_std": 0.0163334506509681,
            "Kappa_mean": 0.9408031695151481,
            "Kappa_std": 0.016450020108357066,
            "Precision_weighted_mean": 0.9511472043320083,
            "Precision_weighted_std": 0.013445910963573109,
            "Recall_weighted_mean": 0.9470000000000001,
            "Recall_weighted_std": 0.01469693845669905,
            "F1_weighted_mean": 0.9471468486034755,
            "F1_weighted_std": 0.0146772281866112,
            "Jaccard_weighted_mean": 0.9023291553458271,
            "Jaccard_weighted_std": 0.02584581359991787
        },
        "SH-UMAP_mfeat-factors_k45_ep200_mean_quantize": {
            "Silhouette": 0.40342897176742554,
            "Calinski_Harabasz": 3458.286865234375,
            "Davies_Bouldin": 1.4048651129398362,
            "Rand_index": 0.9691735867933967,
            "Fowlkes_Mallows": 0.8466473207376964,
            "Mutual_info": 1.9765195819046864,
            "V_measure": 0.8600722494197084,
            "Balanced_Accuracy_mean": 0.9368827031663948,
            "Balanced_Accuracy_std": 0.022453415084529072,
            "Kappa_mean": 0.930752341203333,
            "Kappa_std": 0.023255044169523783,
            "Precision_weighted_mean": 0.9437077051065353,
            "Precision_weighted_std": 0.019830905317212957,
            "Recall_weighted_mean": 0.938,
            "Recall_weighted_std": 0.020760539492026667,
            "F1_weighted_mean": 0.9383255013050086,
            "F1_weighted_std": 0.020431086547348484,
            "Jaccard_weighted_mean": 0.8875145328332839,
            "Jaccard_weighted_std": 0.0350485475069802
        }
    }
}