{
    "mfeat-factors": {
        "UMAP_mfeat-factors_k45_ep1000": {
            "Silhouette": 0.47720396518707275,
            "Calinski_Harabasz": 2799.980224609375,
            "Davies_Bouldin": 0.8316966841156761,
            "Rand_index": 0.9625017508754378,
            "Fowlkes_Mallows": 0.8151051235680881,
            "Mutual_info": 1.9152011898491443,
            "V_measure": 0.8348100545147257,
            "Balanced_Accuracy_mean": 0.9265608765123698,
            "Balanced_Accuracy_std": 0.028332379850333957,
            "Kappa_mean": 0.9201405077750883,
            "Kappa_std": 0.028553909999292186,
            "Precision_weighted_mean": 0.9343108460234586,
            "Precision_weighted_std": 0.022552370243747684,
            "Recall_weighted_mean": 0.9285,
            "Recall_weighted_std": 0.025499999999999978,
            "F1_weighted_mean": 0.9288198054073696,
            "F1_weighted_std": 0.025141374937879657,
            "Jaccard_weighted_mean": 0.8716324442900365,
            "Jaccard_weighted_std": 0.04209760878522835
        },
        "SH-UMAP_mfeat-factors_k45_ep1000_gaussian_quantize": {
            "Silhouette": 0.4089573323726654,
            "Calinski_Harabasz": 5836.3837890625,
            "Davies_Bouldin": 3.4533567225772677,
            "Rand_index": 0.9705002501250626,
            "Fowlkes_Mallows": 0.8538706428336948,
            "Mutual_info": 2.000093948664463,
            "V_measure": 0.8709837001320353,
            "Balanced_Accuracy_mean": 0.9482755712715523,
            "Balanced_Accuracy_std": 0.01638980451310322,
            "Kappa_mean": 0.943036364320232,
            "Kappa_std": 0.017461854503262226,
            "Precision_weighted_mean": 0.9535068136159133,
            "Precision_weighted_std": 0.014614528998659252,
            "Recall_weighted_mean": 0.9490000000000001,
            "Recall_weighted_std": 0.015620499351813281,
            "F1_weighted_mean": 0.9492774932016633,
            "F1_weighted_std": 0.015441031038699067,
            "Jaccard_weighted_mean": 0.9063167817756085,
            "Jaccard_weighted_std": 0.02737338779615556
        },
        "SH-UMAP_mfeat-factors_k45_ep1000_mean_quantize": {
            "Silhouette": 0.33593666553497314,
            "Calinski_Harabasz": 5706.388671875,
            "Davies_Bouldin": 2.034358306423092,
            "Rand_index": 0.9690135067533767,
            "Fowlkes_Mallows": 0.845784658448719,
            "Mutual_info": 1.9726698803850324,
            "V_measure": 0.8583214364519448,
            "Balanced_Accuracy_mean": 0.9357541045697653,
            "Balanced_Accuracy_std": 0.019214919231351466,
            "Kappa_mean": 0.9302022257982066,
            "Kappa_std": 0.020510233940568143,
            "Precision_weighted_mean": 0.942665309376925,
            "Precision_weighted_std": 0.017788348206724206,
            "Recall_weighted_mean": 0.9375,
            "Recall_weighted_std": 0.018337120820892217,
            "F1_weighted_mean": 0.9377200367304033,
            "F1_weighted_std": 0.017923469758353693,
            "Jaccard_weighted_mean": 0.8861429870792467,
            "Jaccard_weighted_std": 0.030975327882817417
        },
        "UMAP_mfeat-factors_k45_ep200": {
            "Silhouette": 0.4903161823749542,
            "Calinski_Harabasz": 2961.828125,
            "Davies_Bouldin": 0.7986828424459278,
            "Rand_index": 0.9647563781890945,
            "Fowlkes_Mallows": 0.8255094466195786,
            "Mutual_info": 1.9309148512760277,
            "V_measure": 0.8410057761580866,
            "Balanced_Accuracy_mean": 0.9302884344721258,
            "Balanced_Accuracy_std": 0.02528744838848987,
            "Kappa_mean": 0.9240584382690491,
            "Kappa_std": 0.025070005093863264,
            "Precision_weighted_mean": 0.9376515061704955,
            "Precision_weighted_std": 0.01989409925614202,
            "Recall_weighted_mean": 0.932,
            "Recall_weighted_std": 0.02238302928559937,
            "F1_weighted_mean": 0.9323565922908893,
            "F1_weighted_std": 0.021993687148526387,
            "Jaccard_weighted_mean": 0.8776057002298957,
            "Jaccard_weighted_std": 0.036781573480798004
        },
        "SH-UMAP_mfeat-factors_k45_ep200_gaussian_quantize": {
            "Silhouette": 0.4816608130931854,
            "Calinski_Harabasz": 4713.900390625,
            "Davies_Bouldin": 1.7406315561998658,
            "Rand_index": 0.973463231615808,
            "Fowlkes_Mallows": 0.8678452715813676,
            "Mutual_info": 2.0258797229660392,
            "V_measure": 0.881355978620244,
            "Balanced_Accuracy_mean": 0.9520059296368079,
            "Balanced_Accuracy_std": 0.016300231626058263,
            "Kappa_mean": 0.9469353053855836,
            "Kappa_std": 0.01721858602405468,
            "Precision_weighted_mean": 0.9553236904994327,
            "Precision_weighted_std": 0.015106082312831169,
            "Recall_weighted_mean": 0.9524999999999999,
            "Recall_weighted_std": 0.015370426148939374,
            "F1_weighted_mean": 0.952569054373107,
            "F1_weighted_std": 0.015524366442533185,
            "Jaccard_weighted_mean": 0.9118116024677738,
            "Jaccard_weighted_std": 0.02758380819720885
        },
        "SH-UMAP_mfeat-factors_k45_ep200_mean_quantize": {
            "Silhouette": 0.4537246525287628,
            "Calinski_Harabasz": 4609.11767578125,
            "Davies_Bouldin": 1.2050855567160466,
            "Rand_index": 0.9681525762881441,
            "Fowlkes_Mallows": 0.8416250238932744,
            "Mutual_info": 1.964891079688024,
            "V_measure": 0.8550776189583421,
            "Balanced_Accuracy_mean": 0.9365097981515458,
            "Balanced_Accuracy_std": 0.02102523027760687,
            "Kappa_mean": 0.9307599274683618,
            "Kappa_std": 0.022403869551092852,
            "Precision_weighted_mean": 0.9433734369218947,
            "Precision_weighted_std": 0.01878272528892266,
            "Recall_weighted_mean": 0.9380000000000001,
            "Recall_weighted_std": 0.020024984394500758,
            "F1_weighted_mean": 0.9383488216865175,
            "F1_weighted_std": 0.01952847267306707,
            "Jaccard_weighted_mean": 0.8875096598121399,
            "Jaccard_weighted_std": 0.03328918755568917
        }
    },
    "mnist_784": {
        "UMAP_mnist_784_k118_ep200": {
            "Silhouette": 0.17525887489318848,
            "Calinski_Harabasz": 5472.57373046875,
            "Davies_Bouldin": 9.101007053859888,
            "Rand_index": 0.9045089343116345,
            "Fowlkes_Mallows": 0.5434864682593232,
            "Mutual_info": 1.3914485603636157,
            "V_measure": 0.610685759573632,
            "Balanced_Accuracy_mean": 0.7792088420886705,
            "Balanced_Accuracy_std": 0.009714539865747418,
            "Kappa_mean": 0.7602908022725982,
            "Kappa_std": 0.011496944924373824,
            "Precision_weighted_mean": 0.7883332101320979,
            "Precision_weighted_std": 0.01119463914868347,
            "Recall_weighted_mean": 0.7845714285714285,
            "Recall_weighted_std": 0.01029761216625149,
            "F1_weighted_mean": 0.7800423505358315,
            "F1_weighted_std": 0.010506697905547263,
            "Jaccard_weighted_mean": 0.6550455622036409,
            "Jaccard_weighted_std": 0.012910462680856584
        },
        "SH-UMAP_mnist_784_k118_ep200_gaussian_quantize": {
            "Silhouette": 0.26396632194519043,
            "Calinski_Harabasz": 9183.94921875,
            "Davies_Bouldin": 1.7371035342935215,
            "Rand_index": 0.9030530752196585,
            "Fowlkes_Mallows": 0.5538305133269561,
            "Mutual_info": 1.4272015318279474,
            "V_measure": 0.6308655430123473,
            "Balanced_Accuracy_mean": 0.8286116775016824,
            "Balanced_Accuracy_std": 0.012795704044046122,
            "Kappa_mean": 0.8115456645267198,